Continent,Location,total_cases,total_deaths,total_cases_per_million,total_deaths_per_million,reproduction_rate,icu_patients,icu_patients_per_million,hosp_patients_per_million,hosp_patients,new_tests,weekly_icu_admissions,weekly_icu_admissions_per_million,weekly_hosp_admissions,weekly_hosp_admissions_per_million,total_tests,total_tests_per_thousand,new_tests_per_thousand,positive_rate,tests_per_case,total_vaccinations,people_vaccinated,people_fully_vaccinated,total_boosters,new_vaccinations,total_vaccinations_per_hundred,people_vaccinated_per_hundred,people_fully_vaccinated_per_hundred,stringency_index,population,population_density,median_age,aged_65_older,aged_70_older,gdp_per_capita,extreme_poverty,cardiovasc_death_rate,diabetes_prevalence,female_smokers,male_smokers,handwashing_facilities,hospital_beds_per_thousand,life_expectancy,human_development_index,excess_mortality_cumulative_absolute,excess_mortality_cumulative,excess_mortality,new_vaccinations_smoothed_per_million
Africa,Algeria,47294458,1353908,1060018.708,30345.378,1.03726776,12213,273.741,,,,,,,,,,,,,22210783,14311348,7899435,,30,49.78,32.08,17.7,67.41581882,44616626,17.348,29.1,6.211,3.857,13913.839,0.5,278.364,6.73,0.7,30.4,83.741,1.9,76.88,0.748,,,,207237
Africa,Angola,9816842,239388,289295.538,7054.603,1.064508547,,,,,,,,,,,,,,,34079415,22234748,11844667,,,100.44,65.51,34.9,64.72570909,33933611,23.89,16.8,2.405,1.362,5819.495,,276.045,3.94,,,26.664,,61.15,0.581,,,,79305
Africa,Benin,2669907,32641,214432.602,2621.574,0.783466135,,,,,,,,,,640586,51.448,,,,958020,690238,84740,,,7.69,5.56,0.68,41.48269725,12451031,99.11,18.8,3.244,1.942,2064.236,49.6,235.848,0.99,0.6,12.3,11.035,0.5,61.77,0.545,,,,13183
Africa,Botswana,18992100,255550,7922485.852,106601.73,1.128084633,,,,,,,,,,,,,,,9370349,6397648,2972701,,10435,390.9,266.88,124.02,60.61316667,2397240,4.044,25.8,3.941,2.242,15807.374,,237.372,4.81,5.7,34.4,,1.8,69.59,0.735,,,,251699
Africa,Burkina Faso,3857902,56161,179461.538,2612.471,0.982032967,,,,,,,,,,,,,,,823738,677202,283682,,,3.83,3.15,1.32,33.59186594,21497097,70.151,17.6,2.409,1.358,1703.102,43.7,269.048,2.42,1.6,23.9,11.877,0.4,61.58,0.452,,,,10725
Africa,Burundi,1475861,3453,120425.093,281.914,0.96012987,,,,,,,,,,,,,,,,,,,,,,,15.17396975,12255429,423.062,17.5,2.562,1.504,702.225,71.7,293.068,6.05,,,6.144,0.8,61.58,0.433,,,,
Africa,Cameroon,21017221,354969,772003.328,13038.673,0.683678373,,,,,,,,,,,,,,,6635410,5500577,1134851,,400,24.39,20.19,4.16,41.6897695,27224262,50.885,18.8,3.165,1.919,3364.926,23.8,244.661,7.2,,,2.735,1.3,59.29,0.563,,,,16775
Africa,Cape Verde,7927463,72719,14108291.32,129416.044,1.045536062,,,,,218248,,,,,,,388.411,0.147024845,1142.5,3921465,3153514,715652,,7462,697.9,561.25,127.35,65.66797075,561901,135.58,25.7,4.46,3.437,6222.554,,182.219,2.42,2.1,16.5,,2.1,72.98,0.665,,,,702908
Africa,Central African Republic,2809173,34129,570971.643,6936.833,0.535149701,,,,,,,,,,,,,,,910631,258509,9901,,12887,18.51,5.25,0.2,34.24553153,4919987,7.479,18.3,3.655,2.251,661.24,,435.727,6.1,,,16.603,1,53.28,0.397,,,,30097
Africa,Chad,1470495,61980,86934.453,3664.247,0.932682446,,,,,,,,,,,,,,,842512,526140,149803,,,4.98,3.11,0.89,50.66626838,16914985,11.833,16.7,2.486,1.446,1768.153,38.4,280.995,6.1,,,5.818,,54.24,0.398,,,,6260
Africa,Comoros,1052016,36819,1184094.661,41441.625,0.813549061,,,,,,,,,,,,,,,2380970,1106784,582822,,,267.99,124.59,65.61,,888456,437.352,20.4,2.963,1.726,1413.89,18.1,261.516,11.88,4.4,23.6,15.574,2.2,64.32,0.554,,,,368228
Africa,Congo,3820495,56421,675355.041,9973.632,0.553053435,,,,,,,,,,,,,,,2754229,1885383,705104,,1486,48.66,33.32,12.47,55.90929603,5657017,15.405,19,3.402,2.063,4881.406,37,344.094,7.2,1.7,52.3,47.964,,64.57,0.574,,,,55440
Africa,Cote d'Ivoire,15329270,100222,566625.285,3704.578,1.075432781,,,,,915667,,,,,182761412,6755.518,33.842,0.066718391,14058.9,121305386,69123942,273400,,1574622,448.37,255.5,1.01,35.1444405,27053629,76.399,18.7,2.933,1.582,3601.006,28.2,303.74,2.42,,,19.351,,57.78,0.538,,,,67042
Africa,Democratic Republic of Congo,11695842,281035,126608.562,3042.233,1.069758364,,,,,292754,,,,,,,3.167,0.186372032,2505.4,1491872,1109864,164956,,,1.62,1.21,0.18,46.78347122,92377986,35.879,17,3.02,1.745,808.133,77.1,318.949,6.1,,,4.472,,60.68,0.48,,,,1414
Africa,Djibouti,3766201,44190,3757944.797,44093.086,1.034689266,,,,,,,,,,,,,,,560532,368318,196946,,,55.92,36.75,19.64,52.12577731,1002197,41.285,25.4,4.213,2.38,2705.406,22.5,258.037,6.05,1.7,24.5,,1.4,67.11,0.524,,,,57072
Africa,Egypt,83601869,4758112,801872.349,45637.719,1.052895683,,,,,,,,,,,,,,,202761916,136852678,54421253,,1349538,194.46,131.26,52.19,56.47645051,104258327,97.999,25.3,5.159,2.891,10550.206,1.3,525.432,17.31,0.2,50.1,89.827,1.6,71.99,0.707,82275.3375,15.3475,27.218125,128402
Africa,Equatorial Guinea,3003858,44544,2071781.936,30722.344,0.722873786,,,,,9858,,,,,4536590,3128.921,6.799,0.046298507,5476.1,11244715,6533340,4441393,,,775.55,450.61,306.35,,1449891,45.194,22.4,2.846,1.752,22604.873,,202.812,7.78,,,24.64,2.1,58.74,0.592,,,,256286
Africa,Eritrea,1244971,4851,345684.899,1346.992,0.827019438,,,,,,,,,,,,,,,,,,,,,,,79.63948998,3601462,44.304,19.3,3.607,2.171,1510.459,,311.11,6.05,0.2,11.4,,0.7,66.32,0.459,,,,
Africa,Eswatini,6860341,208197,5851690.891,177586.561,0.980962672,,,,,,,,,,,,,,,2771286,1974024,1920762,,103261,236.39,168.37,163.84,66.20443243,1172369,79.492,21.5,3.163,1.845,7738.975,,333.436,3.94,1.7,16.5,24.097,2.1,60.19,0.611,,,,206411
Africa,Ethiopia,75599514,1148822,641346.566,9745.982,1.061132438,,,,,3397064,,,,,898934432,7626.079,28.823,0.086853526,19863.6,279031490,224394061,7102860,,2279873,236.69,190.35,6.03,57.27447038,117876226,104.957,19.8,3.526,2.063,1729.927,26.7,182.634,7.47,0.4,8.5,7.96,0.3,66.6,0.485,,,,24592
Africa,Gabon,7254763,45846,3183548.659,20118.246,1.152337165,,,,,76529,,,,,27050177,11870.208,33.582,0.037060606,13870.9,1824377,1120584,703793,,1486,80.07,49.16,30.91,71.19234234,2278829,7.859,23.1,4.45,2.976,16562.413,3.4,259.967,7.2,,,,6.3,66.47,0.703,,,,76537
Africa,Gambia,2167795,67028,871672.645,26951.986,0.923808411,,,,,,,,,,2547672,1024.423,,0.117042553,664.5,1691658,1514983,1156723,,429,68.01,60.89,46.51,53.41134301,2486937,207.566,17.5,2.339,1.417,1561.767,10.1,331.43,1.91,0.7,31.2,7.876,1.1,62.05,0.496,,,,80859
Africa,Ghana,33292375,250924,1049169.322,7907.553,1.148419118,,,,,1036171,,,,,268455863,8460.062,32.653,0.071140816,14297.9,15971788,13253558,2718230,,120680,50.37,41.81,8.57,47.07649186,31732128,126.719,21.1,3.385,1.948,4227.63,12,298.245,4.97,0.3,7.7,41.047,0.9,64.07,0.611,,,,53354
Africa,Guinea,7955294,58305,589401.669,4319.752,1.075009346,,,,,,,,,,,,,,,53529226,36806385,17372293,,694381,396.6,272.69,128.77,60.5448474,13497237,51.755,19,3.135,1.733,1998.926,35.3,336.717,2.42,,,17.45,0.3,61.6,0.477,,,,103251
Africa,Guinea-Bissau,1525994,26075,757133.018,12937.291,0.743960784,,,,,,,,,,,,,,,312273,290386,21887,,,15.49,14.4,1.09,,2015490,66.191,19.4,3.002,1.565,1548.675,67.1,382.474,2.42,,,6.403,,58.32,0.48,,,,41420
Africa,Kenya,52040613,961241,946439.002,17481.663,1.059255121,,,,,573729,,,,,83878008,1525.45,10.433,0.070570652,8229.1,215414166,158329926,56189467,,2176046,391.81,287.95,102.16,66.15281867,54985702,87.324,20,2.686,1.528,2993.028,36.8,218.637,2.92,1.2,20.4,24.651,1.4,66.7,0.601,,,,62357
Africa,Lesotho,3218580,87269,1490727.248,40419.756,0.862687927,,,,,,,,,,,,,,,857193,446681,290715,,,39.71,20.7,13.47,57.82832661,2159067,73.562,22.2,4.506,2.647,2851.153,59.6,405.126,3.94,0.4,53.9,2.117,,54.33,0.527,,,,146840
Africa,Liberia,1130315,49454,218198.762,9546.72,0.759381044,,,,,,,,,,,,,,,1153672,1011761,50583,,1847,22.28,19.55,0.97,56.26966667,5180208,49.127,19.2,3.057,1.756,752.788,38.6,272.509,2.42,1.5,18.1,1.188,0.8,64.1,0.48,,,,15319
Africa,Libya,58821286,902252,8453109.835,129661.153,1.085717256,,,,,1332663,,,,,,,191.506,0.089560241,13417.4,17708488,15647481,803469,,81613,254.5,224.86,11.55,78.63587571,6958538,3.623,29,4.424,2.816,17881.509,,341.862,10.43,,,,3.7,72.91,0.724,,,,211282
Africa,Madagascar,11592729,210634,407802.204,7409.542,0.805549242,,,,,125476,,,,,35708565,1256.139,4.417,0.138534979,9882.5,1803569,1335846,184632,,13544,6.34,4.69,0.65,56.83498182,28427333,43.951,19.6,2.929,1.686,1416.44,77.6,405.994,3.94,,,50.54,0.2,67.04,0.528,,,,12703
Africa,Malawi,10936851,360909,556648.438,18369.054,1.067190083,,,,,76496,,,,,15256898,776.516,3.891,0.09656927,13439.1,58622433,49453388,15986851,,549803,298.39,251.73,81.37,50.99986891,19647681,197.519,18.1,2.979,1.783,1095.042,71.4,227.349,3.94,4.4,24.7,8.704,1.3,64.26,0.483,,,,50783
Africa,Mali,3998378,151994,191716.1,7287.889,1.037760911,,,,,,,,,,,,,,,4289762,3222610,1067152,,,20.56,15.46,5.08,47.76987132,20855724,15.196,16.4,2.519,1.486,2014.306,,268.024,2.42,1.6,23,52.232,0.1,59.31,0.434,,,,18830
Africa,Mauritania,7222674,168906,1512567.039,35372.161,1.044632653,,,,,23429,,,,,7288163,1526.281,4.907,,,4620665,3727984,304242,,5123,96.75,78.08,6.35,44.89541367,4775110,4.289,20.3,3.138,1.792,3597.633,6,232.347,2.42,,,15.95,,64.92,0.546,,,,67132
Africa,Mauritius,887690,7465,697086.927,5862.201,0.656605166,,,,,,,,,,,,,,,18572177,10429311,8142866,,,1458.45,819,639.45,47.29927536,1273428,622.962,37.4,10.945,5.884,20292.745,0.5,224.644,22.02,3.2,40.7,,3.4,74.99,0.804,-331.1375,-3.383125,-2.706875,1280466
Africa,Morocco,183851786,3082847,4923091.025,82550.932,1.081970803,,,,,8281271,,,,,2059025471,55135.55,221.755,0.092984099,15315,2733516072,1546831022,1171286554,,27285261,7319.69,4142.04,3136.45,68.33387211,37344787,80.08,29.6,6.769,4.209,7485.013,1,419.146,7.14,0.8,47.1,,1.1,76.68,0.686,,,,1035742
Africa,Mozambique,23156854,264845,719983.263,8234.452,1.062630522,,,,,845399,,,,,161841392,5031.908,26.285,0.111573864,10876.9,18423673,10580466,5978978,,,57.29,32.9,18.58,59.96569873,32163045,37.728,17.7,3.158,1.87,1136.103,62.9,329.942,3.3,5.1,29.1,12.227,0.7,60.85,0.456,,,,94793
Africa,Namibia,20291998,380274,7842790.893,146974.662,1.054459161,,,,,650273,,,,,127991789,49468.405,251.328,0.126994371,11786.1,15721077,12361425,3359652,,234709,607.6,477.79,129.9,52.96674766,2587344,3.078,22,3.552,2.085,9541.808,13.4,243.811,3.94,9.7,34.2,44.6,,63.71,0.646,,,,152014
Africa,Niger,1713945,66177,68200.944,2633.331,0.944682836,,,,,,,,,,,,,,,3003243,2508464,364664,,,11.93,9.99,1.45,28.6721875,25130810,16.955,15.1,2.553,1.378,926,44.5,238.339,2.42,0.1,15.4,8.978,0.3,62.42,0.394,,,,21776
Africa,Nigeria,54467818,755911,257652.01,3575.727,1.067486137,,,,,702055,,,,,166302416,786.667,3.322,0.080403442,19710.6,141029784,120321932,20707852,,1285665,66.71,56.92,9.79,57.66557895,211400704,209.588,18.1,2.751,1.447,5338.454,,181.013,2.42,0.6,10.8,41.949,,54.69,0.539,,,,29039
Africa,Rwanda,11138343,134319,838950.686,10117.058,1.065588785,,,,,1701194,,,,,361717948,27244.948,128.13,0.024704545,52500.1,40103113,29343847,11863632,,483492,302.07,221.03,89.34,68.986,13276517,494.869,20.3,2.974,1.642,1854.211,56,191.375,4.28,4.7,21,4.617,,69.02,0.543,,,,245816
Africa,Sao Tome and Principe,767789,12071,3437389.147,54041.867,0.802301587,,,,,,,,,,,,,,,765112,452797,157565,,,342.55,202.72,70.54,,223364,212.841,18.7,2.886,2.162,3052.714,32.3,270.113,2.42,,,41.34,2.9,70.39,0.625,,,,311015
Africa,Senegal,14736538,355959,856959.421,20699.729,1.028805147,,,,,800077,,,,,174717618,10160.176,46.514,0.082501767,11932.9,41690603,34520546,6537409,,348554,242.47,200.77,38.06,40.34967273,17196308,82.328,18.7,3.008,1.796,2470.58,38,241.219,2.42,0.4,16.6,20.859,,67.94,0.512,,,,103849
Africa,Seychelles,2667395,11589,26967900.1,117167.115,0.722054795,,,,,,,,,,,,,,,5250374,3272814,1977560,,41548,5308.26,3308.93,1999.36,53.35500901,98910,208.354,36.2,8.606,5.586,26382.287,1.1,242.648,10.55,7.1,35.7,,3.6,73.4,0.796,-120.1875,-16.85625,-8.238125,1512087
Africa,Sierra Leone,1693886,40086,208059.782,4923.783,0.972994129,,,,,,,,,,,,,,,1350913,1237380,170307,,7981,16.6,15.2,2.07,46.74742481,8141343,104.7,19.1,2.538,1.285,1390.3,52.2,325.721,2.42,8.8,41.3,19.275,,54.7,0.452,,,,26923
Africa,Somalia,4106409,186485,251010.663,11399.189,0.899463602,,,,,,,,,,,,,,,6568800,4868783,1606879,,19326,40.16,29.79,9.81,37.11462094,16359500,23.5,16.8,2.731,1.496,,,365.769,6.05,,,9.831,0.9,57.4,,,,,17046
Africa,South Africa,622308036,18606538,10364546.11,309892.051,1.084673913,,,,,17133791,,,,,3857045341,64239.127,285.366,0.130158082,7427.9,601981888,470346293,238515971,,8760356,1002.63,783.36,397.25,57.30279933,60041996,46.754,27.3,5.344,3.053,12294.876,18.9,200.38,5.52,8.1,33.2,43.993,2.32,64.13,0.709,,,,272555
Africa,South Sudan,3058662,38523,268742.706,3384.715,0.833033932,,,,,54719,,,,,12550317,1102.707,4.804,0.0465,18875.1,782541,627144,99683,,201,6.89,5.52,0.87,58.09329588,11381377,,19.2,3.441,2.032,1569.888,,280.775,10.43,,,,,57.85,0.433,,,,8377
Africa,Sudan,12007237,817006,267366.092,18192.316,0.931525097,,,,,,,,,,,,,,,13164191,8424147,2497843,,45572,29.3,18.76,5.58,47.44277372,44909351,23.258,19.7,3.548,2.034,4466.507,,431.388,15.67,,,23.437,0.8,65.31,0.51,,,,32427
Africa,Tanzania,310707,12223,5052.427,198.535,0.021436782,,,,,,,,,,,,,,,978969,978969,978969,,,1.6,1.6,1.6,20.20785847,61498438,64.699,17.7,3.108,1.874,2683.304,49.1,217.288,5.75,3.3,26.7,47.953,0.7,65.46,0.529,,,,4503
Africa,Togo,3717441,41886,438468.379,4940.43,1.068784314,,,,,504440,,,,,104992377,12383.744,59.49,0.039532028,23767.5,4311960,3038801,1273159,,,50.88,35.85,15.01,52.33454383,8478242,143.366,19.4,2.839,1.525,1429.813,49.2,280.033,6.15,0.9,14.2,10.475,0.7,61.04,0.515,,,,93893
Africa,Tunisia,108848411,3731093,9119517.694,312597.755,1.066978022,,,,,773866,,,,,188082613,15757.907,64.838,0.25339881,728.5,332162271,230388512,117314823,,4667451,2782.91,1930.24,982.89,60.21493739,11935764,74.228,32.7,8.001,5.075,10849.297,2,318.991,8.52,1.1,65.8,78.687,2.3,76.7,0.74,-1014.179592,-3.318979592,5.993061224,608163
Africa,Uganda,18907780,314823,401238.593,6680.8,1.022206759,,,,,1260033,,,,,352672493,7483.981,26.739,0.06885078,30527.5,52828215,16777973,1033593,,720077,112.14,35.62,2.19,67.39155678,47123533,213.759,16.4,2.168,1.308,1697.707,41.6,213.333,2.5,3.4,16.7,21.222,0.5,63.37,0.544,,,,41824
Africa,Zambia,34163031,543625,1805594.335,28731.827,0.989115914,,,,,2356601,,,,,447635404,23658.556,124.552,0.074122486,24049.3,26339675,16817256,7567355,,412851,139.24,88.89,40,45.52541284,18920657,22.995,17.7,2.48,1.542,3689.251,57.5,234.499,3.94,3.1,24.7,13.938,2,63.89,0.584,,,,34582
Africa,Zimbabwe,17037862,604768,1128920.543,40071.637,1.087634855,,,,,1225701,,,,,186879862,12382.563,81.208,0.068783567,20116.2,302910219,191972706,110937513,,4475680,2007.11,1272.03,735.01,70.96815552,15092171,42.729,19.6,2.822,1.882,1899.775,21.4,307.846,1.82,1.6,30.7,36.791,1.7,61.49,0.571,,,,337297
Asia,Afghanistan,32672096,1361596,820176.855,34180.508,1.056254613,,,,,,,,,,,,,,,21296011,10866939,2799706,,6874,53.49,27.29,7.02,40.53316384,39835428,54.422,18.6,2.581,1.337,1803.987,,597.029,9.59,,,37.746,0.5,64.83,0.511,,,,73316
Asia,Armenia,70026814,1322194,23592922.55,445463.938,1.059310345,,,,,979076,,,,,279858589,94287.91,329.859,0.164531418,6536.9,2830748,1904694,870497,,,95.38,64.17,29.34,,2968128,102.931,35.7,11.232,7.571,8787.58,1.8,341.01,7.11,1.5,52.1,94.043,4.2,75.09,0.776,6773.111765,23.14529412,37.39117647,119169
Asia,Azerbaijan,96214207,1326757,9411226.598,129777.197,1.078676471,,,,,1145056,,,,,470049707,45978.078,112.001,0.079830986,6625,626192057,379197998,246994059,,6455632,6125.15,3709.14,2415.93,73.95815742,10223344,119.309,32.4,6.018,3.871,15847.419,,559.812,7.11,0.3,42.5,83.241,4.7,73,0.756,13199.61176,20.17647059,34.41941176,789366
Asia,Bahrain,65430754,282029,37425465.38,161316.581,1.032625,,,,,5086177,,,,,1225419527,700922.626,2909.233,0.041026738,26517.7,356102096,192999243,156797664,,2101590,20368.53,11039.18,8968.52,59.46733929,1748295,1935.907,32.4,2.372,1.387,43290.705,,151.689,16.52,5.8,37.6,,2,77.29,0.852,,,,1442534
Asia,Bangladesh,302292003,4729453,1817712.863,28438.684,1.071876173,,,,,9523920,,,,,1927646869,11591.143,57.277,0.140044643,6368.7,1925436680,1296238334,629198346,,28319855,1157.8,779.34,378.37,77.2544523,166303494,1265.036,27.5,5.098,3.262,3523.984,14.8,298.003,8.38,1,44.7,34.808,0.8,72.59,0.632,,,,225223
Asia,Bhutan,469895,376,602506.733,482.076,0.808636364,,,,,728856,,,,,121577807,155888.983,934.555,0.002292237,802537.5,51783003,38382160,7435931,,862033,6639.7,4921.48,953.46,69.87701657,779900,21.188,28.6,4.885,2.977,8708.597,1.5,217.066,9.75,,,79.807,1.7,71.78,0.654,,,,1692216
Asia,Brunei,225888,1952,511600.552,4421.193,0.392289377,,,,,,,,,,,,,,,11646976,8663811,2983165,,102520,2637.82,1962.23,675.58,44.96615929,441532,81.347,32.4,4.591,2.382,71809.251,,201.285,12.79,2,30.9,,2.7,75.86,0.838,,,,937112
Asia,Cambodia,9297948,150997,548666.548,8910.24,0.728096118,,,,,294099,,,,,64925980,3831.243,17.354,0.098166667,570.8,1629896405,935667180,706702034,27060608,23356966,9617.96,5521.29,4170.14,50.98021631,16946446,90.672,25.6,4.412,2.385,3645.07,,270.892,4,2,33.7,66.229,0.8,69.82,0.594,,,,1342850
Asia,China,51849351,2636916,35901.374,1825.903,1.034835526,,,,,,,,,,250000000,173.105,,,,2.03243E+11,3890342000,4669996000,,2114007000,14072.85,269.37,323.36,72.474,1444216102,147.674,38.7,10.641,5.929,15308.712,0.7,261.899,9.74,1.9,48.4,,4.34,76.91,0.761,,,,1511490
Asia,Georgia,103547383,1363995,26018414.37,342731.867,1.085537037,,,,,1184704,,,,,400030325,100515.864,297.683,0.057842424,3763,54516617,35809966,18706651,,858380,1369.8,899.82,470.08,69.27454357,3979773,65.032,38.7,14.864,10.244,9745.079,4.2,496.218,7.11,5.3,55.5,,2.6,73.77,0.812,2751.988235,5.247058824,10.72235294,420009
Asia,Hong Kong,4072310,70299,539178.856,9307.672,,,,,,,,,,,179104816,23713.697,,0.001863636,188605.3,736520081,423440886,313079195,,8511152,9751.55,5606.41,4145.31,62.77653333,7552800,7039.714,44.8,16.303,10.158,56054.92,,,8.33,,,,,84.86,0.949,124.84,-1.628666667,2.024,1116135
Asia,India,6931118878,93142078,4974216.981,66844.758,1.11278777,,,,,547802362,,,,,1.03138E+11,74018.73,393.137,0.059274864,14971.2,62502793661,49183401455,13319392206,,778369558,4485.69,3529.73,955.89,71.90522998,1393409033,450.419,28.2,5.989,3.414,6426.674,21.2,282.28,10.39,1.9,20.6,59.55,0.53,69.66,0.645,,,,589545
Asia,Indonesia,632329295,18717902,2288048.923,67729.699,1.076018018,,,,,14792884,,,,,2668985841,9657.563,53.526,0.162430909,4208.6,8903238489,5855890532,3047347957,,117923561,3221.65,2118.86,1102.7,64.964082,276361788,145.725,29.3,5.319,3.053,11188.744,5.7,342.864,6.32,2.8,76.1,64.204,1.04,71.72,0.718,,,,460555
Asia,Iran,872378599,26876090,10259806.19,316082.345,1.095846422,,,,,9587683,,,,,2915370096,34286.883,112.752,0.163611321,4056.7,371891424,262127439,108299275,,2791275,437.38,308.31,127.36,64.52017483,85028760,49.831,32.4,5.44,3.182,19082.62,0.2,270.308,9.59,0.8,21.1,,1.5,76.68,0.783,87758.16098,20.1645122,36.68829268,479866
Asia,Iraq,375478049,5949738,9118114.77,144483.532,1.078366248,,,,,11460588,,,,,2592300949,62951.479,278.315,0.127206439,8023,43228483,16361099,8526452,,9985,104.97,39.73,20.69,73.20939671,41179351,88.125,20,3.186,1.957,15663.986,2.5,218.612,8.83,,,94.576,1.4,70.6,0.674,,,,176219
Asia,Israel,264466390,1964860,30087955.61,223539.249,1.114236984,66537,7569.811,51069.917,448893,26488711,26369,2999.965,54324,6180.36,5127986656,583403.556,3013.582,0.039074783,76465.6,2592272751,1339624666,1150140666,102507419,14840711,29491.91,15240.68,13085.05,60.9338422,8789776,402.606,30.6,11.733,7.359,33132.32,0.5,93.32,6.74,15.4,35.4,,2.99,82.97,0.919,2230.036364,3.865844156,7.860779221,1688720
Asia,Japan,216325441,3380796,1716176.725,26820.915,1.085570934,,,,,23207886,,,,,3772277719,29926.645,184.114,0.061442373,15498.7,7779342012,4670814358,3108527654,,129110043,6171.58,3705.54,2466.12,40.96529412,126050796,347.778,48.2,27.049,18.493,39002.223,,79.37,5.72,11.2,33.7,,13.05,84.63,0.919,-24649.01111,-2.887777778,-0.690555556,1218277
Asia,Jordan,181423578,2290369,17667074.62,223036.703,1.059051095,,,,,5877173,,,,,1258888472,122590.883,572.32,0.093158845,5489,453010440,263066997,189793443,,3084971,4411.43,2561.75,1848.24,67.14827839,10269022,109.285,23.2,3.81,2.361,8337.49,0.1,208.257,11.75,,,,1.4,74.53,0.729,,,,667142
Asia,Kazakhstan,147430959,2246401,7761583.834,118263.012,1.056856618,,,,,11792426,,,,,1970609383,103743.818,620.829,0.037878924,19418.4,1048403678,617072518,431331160,,11671647,5519.44,3248.55,2270.77,71.57759328,18994958,6.681,30.6,6.991,4.625,24055.588,0.1,466.792,7.11,7,43.1,98.999,6.7,73.6,0.825,22051.47647,13.79882353,23.61294118,713826
Asia,Kuwait,98191984,577575,22684713.35,133433.734,1.027428058,,,,,3876185,,,,,833712270,192607.602,895.496,0.120119919,9815,10577816,5901230,1113307,,,244.38,136.34,25.73,69.16414931,4328553,232.128,33.7,2.345,1.114,65530.537,,132.235,15.84,2.7,37,,2,75.49,0.806,,,,540941
Asia,Kyrgyzstan,40370999,694397,6090658.664,104761.703,1.030222635,,,,,,,,,,,,,,,58942213,37321958,21438889,,812473,889.25,563.06,323.45,60.96998185,6628347,32.333,26.3,4.489,2.882,3393.474,1.4,436.362,7.11,3.6,50.5,89.22,4.5,71.45,0.697,4974.905882,12.99941176,21.48,205823
Asia,Laos,988704,938,133982.398,127.142,1.153443709,,,,,75666,,,,,16484891,2233.92,10.251,0.023169231,9281.5,119660669,90233582,51484620,,1790835,1621.53,1222.84,697.68,44.41333952,7379358,29.715,24.4,4.029,2.322,6397.36,22.7,368.111,4,7.3,51.2,49.839,1.5,67.92,0.613,,,,586300
Asia,Lebanon,139122590,1798976,20552442.98,265760.946,1.071693694,,,,,237492,,,,,112679216,16645.991,35.085,,,235288866,139781610,94724612,,2581319,3475.96,2064.99,1399.36,72.80462347,6769151,594.561,31.1,8.514,5.43,13367.565,,266.591,12.71,26.9,40.7,,2.9,78.93,0.744,3762.172222,10.98666667,27.21277778,408254
Asia,Malaysia,194719947,1470290,5940895.417,44858.5,1.114634581,,,,,25530515,,,,,3549010498,108280.131,778.934,0.033792321,83810.4,2519371785,1534550359,986387691,,41847196,7686.59,4681.89,3009.48,64.34055249,32776195,96.254,29.9,6.293,3.407,26808.164,0.1,260.942,16.74,1,42.4,,1.9,76.16,0.81,-7466.216667,-5.217222222,-4.271666667,1250307
Asia,Maldives,14538568,41806,26743990.28,76902.96,1.049166667,,,,,1475242,,,,,254995730,469069.812,2713.729,0.053530909,23028.4,89850576,58616616,31233960,,668896,16528.23,10782.69,5745.55,,543620,1454.433,30.6,4.12,2.875,15183.616,,164.905,9.19,2.1,55,95.803,,78.92,0.74,,,,1333143
Asia,Mongolia,21465533,94657,6447496.172,28431.662,0.928275862,,,,,3168544,,,,,448407436,134685.927,951.717,0.077564202,102326.9,461076884,265946066,202217888,,3417642,13849.18,7988.02,6073.9,65.47898214,3329282,1.98,28.6,4.031,2.421,11840.846,0.5,460.043,4.82,5.5,46.5,71.18,7,69.87,0.737,-1302.761111,-8.204444444,-3.615,1314500
Asia,Myanmar,60676435,1688240,1107112.712,30803.86,1.052134615,,,,,3682380,,,,,624144383,11388.244,67.194,0.079483589,92666.4,39070225,23118162,12452063,,3800,71.28,42.17,22.72,75.83227969,54806014,81.721,29.1,5.732,3.12,5591.597,6.4,202.104,4.61,6.3,35.2,79.287,0.9,67.13,0.583,,,,160473
Asia,Nepal,148690703,1725523,5010652.22,58147.52,1.085278884,,,,,3968726,,,,,936781417,31568.107,133.744,0.122270903,18353.1,654163004,415985899,238177105,,6575973,2204.4,1401.78,802.63,65.77981818,29674920,204.43,25,5.809,3.212,2442.804,15,260.797,7.26,9.5,37.8,47.782,0.3,70.78,0.602,,,,405512
Asia,Oman,75919287,846147,14534524.6,161992.369,1.086084559,,,,,200640,,,,,,,38.412,0.330647059,154.7,39643933,28742612,11037188,,65081,759,550.22,211.17,68.1345098,5223376,14.98,30.7,2.355,1.53,37960.709,,266.342,12.61,0.5,15.6,97.4,1.6,77.86,0.813,1261.4,10.01842105,31.06578947,863597
Asia,Pakistan,289665312,6345981,1286258.453,28179.324,1.077189189,,,,,16283419,,,,,3563951208,15825.726,72.31,0.072652252,11739.6,2427667477,1808922889,546429107,,31134724,1078.02,803.25,242.63,62.46861352,225199929,255.573,23.5,4.495,2.78,5034.708,4,423.031,8.35,2.8,36.7,59.607,0.6,67.27,0.557,,,,328665
Asia,Palestine,80515617,869152,15416308.37,166416.327,1.097171904,,,,,2047456,,,,,,,392.025,0.163782738,3068.6,122904366,78609984,44286761,,1461271,2353.26,1505.14,847.98,80.24614841,5222756,778.202,20.4,3.043,1.726,4449.898,1,265.91,10.59,,,,,74.05,0.708,,,,352055
Asia,Philippines,361538107,6436253,3255724.153,57959.772,1.102931655,,,,,19342429,,,,,3878676027,34928.265,174.186,0.100885122,7095.1,1401676542,469839990,516684304,,12801051,1262.22,423.07,465.3,71.06053333,111046910,351.873,25.2,4.803,2.661,7599.188,,370.437,7.07,7.8,40.8,78.463,1,71.23,0.718,-5012.341176,-2.494117647,4.385294118,376915
Asia,Qatar,79520614,160702,27135288.43,54837.293,1.024239714,,,,,2554926,,,,,664767726,226842.615,871.83,0.094625,10496.1,489133571,217053322,175678728,,3819212,16691.01,7406.64,5994.8,66.8523951,2930524,227.322,31.9,1.307,0.617,116935.6,,176.69,16.52,0.8,26.9,,1.2,80.23,0.848,371.2277778,16.60833333,24.78055556,1594145
Asia,Saudi Arabia,183536517,2819860,5193349.91,79790.762,1.025755396,,,,,28595954,,,,,6314688061,178680.441,809.159,0.02871048,62970.1,3768579486,1811019502,892441335,,40272023,10663.56,5124.47,2525.22,61.30155752,35340680,15.322,31.9,3.295,1.845,49045.411,,259.538,17.72,1.8,25.4,,2.7,75.13,0.854,,,,1160858
Asia,Singapore,29250963,16290,4960578.354,2762.566,1.074684211,2201,373.313,,,,,,,,502050608,85141.171,,0.015285714,919246.8,563266970,297083862,245446918,,2131325,9552.28,5038.18,4162.45,50.9000165,5896684,7915.731,42.4,12.922,7.049,85535.383,,92.243,10.99,5.2,28.3,,2.4,83.62,0.938,183.2777778,2.302777778,1.232222222,1555189
Asia,South Korea,44733568,598009,871911.269,11655.92,1.077996546,,,,,10968462,,,,,2520045834,49118.727,213.783,0.018677686,80186.7,3589261036,2583888903,1129880346,,58267777,6995.92,5036.28,2202.28,53.2343514,51305184,527.967,43.4,13.914,8.622,35938.374,0.2,85.998,6.8,6.2,40.9,,12.27,83.03,0.916,-977.0676056,-0.411971831,-0.621830986,1117649
Asia,Sri Lanka,54621787,748727,2540866.632,34828.921,1.050567766,,,,,5224555,,,,,943554458,43891.752,243.024,0.06442087,37208.3,1328234307,848119026,413539922,,21939431,6178.65,3945.24,1923.69,61.43895009,21497306,341.955,34.1,10.069,5.331,11669.077,0.7,197.093,10.68,0.3,27,,3.6,76.98,0.782,,,,1167417
Asia,Syria,6631771,450950,362873.635,24674.814,1.042933884,,,,,,,,,,,,,,,2019020,809494,465510,,,11.05,4.43,2.54,50.79799625,18275704,,21.7,,2.577,,,376.264,,,,70.598,1.5,72.7,0.567,,,,27723
Asia,Taiwan,2096105,85882,87868.576,3600.058,0.869202899,,,,,3227506,,,,,278279305,11665.438,135.312,0.005240066,324842.9,659128701,607795831,45861681,,11665775,2763.05,2547.86,192.27,32.59410714,23855008,,42.2,,8.353,,,103.957,,,,,,80.46,,-3839.68,-2.599,-0.794,568285
Asia,Tajikistan,5862501,42716,601305.258,4381.347,0.69439604,,,,,,,,,,,,,,,31450770,24454806,6995694,,124745,322.55,250.79,71.72,40.5711811,9749625,64.281,23.3,3.466,2.155,2896.913,4.8,427.698,7.11,,,72.704,4.8,71.1,0.668,,,,371546
Asia,Thailand,87762991,780591,1254638.05,11159.118,1.086288288,,,,,13258565,,,,,1866116283,26677.521,189.541,0.044735,328201.2,2299294464,1662169881,612267941,24856523,44243225,3287.03,2376.18,875.26,50.44985623,69950844,135.132,40.1,11.373,6.89,16277.671,0.1,109.861,7.04,1.9,38.8,90.67,2.1,77.15,0.777,6591.3,1.4845,4.932,633503
Asia,Timor,1609893,5135,1197948.507,3821.029,1.078018018,,,,,7505,,,,,3719309,2767.602,5.585,0.165132075,474.7,7135858,5172355,1963503,,7881,530.98,384.88,146.11,50.79003704,1343875,87.176,18,3.556,1.897,6570.102,30.3,335.346,6.86,6.3,78.1,28.178,5.9,69.5,0.606,,,,492674
Asia,Turkey,1310380760,13067917,15408497.22,153662.929,1.089165154,,,,,83807592,,,,,15736788265,185045.65,985.478,0.062133581,15705.9,10013912397,5675903538,3737169596,551101844,107083694,11775.14,6674.21,4394.41,64.4298524,85042736,104.914,31.6,8.153,5.061,25129.341,0.2,171.285,12.13,14.1,41.1,,2.81,77.69,0.82,,,,1255822
Asia,United Arab Emirates,162599440,513876,16274455.92,51433.467,1.054710145,,,,,81817905,,,,,14919445697,1493276.121,8189.099,0.009462312,143586.5,2622519001,527496381,462843868,,16992887,26248.62,5279.67,4632.55,55.15950083,9991083,112.442,34,1.144,0.526,67293.483,,317.84,17.26,1.2,37.4,,1.2,77.97,0.89,,,,1885483
Asia,Uzbekistan,37643141,275485,1109246.868,8117.846,1.061845018,,,,,,,,,,,,,,,347495349,210159749,14642064,,3298505,1024,619.29,43.15,54.43656934,33935765,76.134,28.2,4.469,2.873,6253.104,,724.417,7.57,1.3,24.7,,4,71.72,0.72,12487.0375,7.331875,10.930625,530377
Asia,Vietnam,26677126,581772,271747.416,5926.364,0.981824818,,,,,8091130,,,,,739136091,7529.229,82.424,0.014912052,659883.7,1271882883,1105386256,170612478,,34975686,1295.58,1126.01,173.81,64.66050505,98168829,308.127,32.6,7.15,4.718,6171.884,2,245.465,6,1,45.9,85.847,2.6,75.4,0.704,,,,357966
Asia,Yemen,1828021,404808,59953.514,13276.47,0.970242915,,,,,,,,,,,,,,,2228054,2191246,36808,,,7.3,7.18,0.12,35.20071295,30490639,53.508,20.3,2.922,1.583,1479.147,18.8,495.003,5.35,7.6,29.2,49.542,0.7,66.12,0.47,,,,10380
Europe,Albania,36156968,668399,12585380.65,232653.782,1.066599634,,,,,737014,,,,,101667859,35388.17,256.539,0.168978118,8901.1,128996781,66453233,48297331,,1130284,4490.04,2313.08,1681.14,59.03289134,2872934,104.871,38,13.188,8.643,11803.431,1.1,304.195,10.08,7.1,51.2,,2.89,78.57,0.795,4111.082353,15.73352941,32.42647059,577671
Europe,Andorra,4089183,47222,52863239.14,610466.21,0.938613139,,,,,,,,,,7119581,92038.954,,0.074544061,4594.9,933237,574325,297454,,4802,1206.46,742.49,384.54,48.48435626,77354,163.755,,,,,,109.135,7.97,29,37.8,,,83.73,0.868,64.9,32.142,31.525,1197958
Europe,Austria,176844095,2945876,19555754.39,325760.546,1.078024911,115559,12778.727,51569.97,466351,84213726,,,,,10828514756,1197437.64,9312.525,0.004982906,190243.2,1292234366,771374041,542470147,,10758706,14289.81,8530.02,5998.65,60.93754325,9043072,106.749,44.4,19.202,13.748,45436.686,0.7,145.183,6.35,28.4,30.9,,7.37,81.54,0.922,4558.587342,4.337594937,8.819873418,1185970
Europe,Belarus,118280338,893333,12525892.61,94604.02,1.072148148,,,,,896343,,,,,664519970,70372.7,94.925,0.059381462,19376.8,31794530,18412721,13381809,,,336.71,194.99,141.7,34.39255692,9442867,46.858,40.3,14.799,9.788,17167.967,,443.129,5.18,10.5,46.1,,11,74.79,0.823,11811.19286,9.523571429,22.78,350777
Europe,Belgium,312459987,9272352,26861332.13,797118.799,1.100319149,236059,20293.355,87644.059,1019505,19720819,,,79803.931,6860.529,4259451831,366173.437,1695.343,0.072099115,16007.5,1856165912,1109507941,781956103,171054,16530047,15956.89,9538.24,6722.16,56.08192308,11632334,375.564,41.8,18.571,12.849,42658.576,0.2,114.898,4.29,25.1,31.4,,5.64,81.63,0.931,10759.84938,9.815802469,10.13592593,1418587
Europe,Bosnia and Herzegovina,55962432,2338577,17148195.22,716594.564,1.095529197,,,,,864738,,,,,210546857,64516.469,264.973,0.154428839,10211.3,7349441,4766455,2582986,,93862,225.22,146.04,79.15,49.41597426,3263459,68.496,42.5,16.569,10.711,11713.895,0.2,329.635,10.08,30.2,47.7,97.164,3.5,77.4,0.78,4141.575,7.87375,28.620625,319322
Europe,Bulgaria,108008467,4365174,15660993.2,632940.768,1.081363636,133650,19378.961,229762.369,1584592,2925554,,,,,591696643,85794.722,424.196,0.100658397,16958.2,272536651,109794085,118944163,,2373523,3951.77,1591.94,1724.69,48.19915129,6896655,65.18,44.7,20.801,13.272,18563.307,1.5,424.688,5.81,30.1,44.4,,7.454,75.05,0.816,11839.02949,7.265641026,21.12858974,360042
Europe,Croatia,93851810,2015482,22993556.31,493790.187,1.082522686,,,105811.241,431885,2238576,,,43815.177,10734.654,483970097,118571.96,548.447,0.106502664,43196.8,352534182,208981438,146794021,,2172042,8637.02,5119.94,3596.4,47.96542495,4081657,73.726,44,19.724,13.053,22669.797,0.7,253.782,5.59,34.3,39.9,,5.54,78.49,0.851,2809.024,3.028533333,13.2836,826333
Europe,Cyprus,19015536,95981,21413771.32,108086.099,1.065009141,8507,9579.882,58542.455,51986,12900925,761,856.976,5537,6235.32,1731135142,1949465.526,14527.979,0.011674721,163423.4,74846898,42554576,32277042,,361100,8428.66,4792.16,3634.8,63.35314079,888005,127.657,37.3,13.416,8.563,32415.132,,141.171,9.24,19.6,52.7,,3.4,80.98,0.887,,,1.024933333,1280446
Europe,Czechia,435298236,7568695,40588939.79,705735.235,1.058779174,241334,22502.943,125650.469,1347545,36816668,59656.299,5562.588,317248.611,29581.523,,,3432.93,0.08576178,77002.6,1379320816,814514921,581810697,,11770127,12861.36,7594.85,5425.07,53.19515625,10724553,137.176,43.3,19.027,11.58,32605.906,,227.485,6.82,30.5,38.3,,6.63,79.38,0.9,12198.0481,7.521392405,18.82544304,1095389
Europe,Denmark,80250301,816970,13804598.64,140534.599,1.053303571,19683,3385.85,18552.091,107849,40854665,,,15915.099,2737.701,8181316913,1407344.215,7027.799,0.015288225,104407.5,875007466,551568850,402804431,,7915839,15051.84,9487.99,6929,52.04061667,5813302,136.52,42.3,19.677,12.325,46682.515,0.2,114.767,6.41,19.3,18.8,,2.5,80.9,0.94,-1032.373494,-2.921445783,-0.398795181,1503157
Europe,Estonia,29887267,285951,22553227.93,215781.44,1.06118705,10389,7839.633,75364.382,99872,1892320,1028.059,775.781,9819.931,7410.215,408629252,308355.687,1427.963,0.055478947,49692,163420369,99989125,63431244,,1349811,12331.86,7545.34,4786.57,40.4256,1325188,31.033,42.7,19.452,13.491,29481.252,0.5,255.569,4.02,24.5,39.3,,4.69,78.74,0.892,349.0445783,0.040481928,7.931084337,1011288
Europe,Finland,26061600,323349,4697170.919,58278.314,1.059389587,8997,1621.564,7848.987,43549,7016110,,,,,1479236772,266607.878,1264.537,0.020585538,73473.6,633391187,442303011,190584942,,5514180,11415.82,7971.82,3435.02,44.62556291,5548361,18.136,42.8,21.228,13.264,40585.721,,153.507,5.76,18.3,22.6,,3.28,81.91,0.938,-51.52195122,-0.970609756,1.501341463,1332702
Europe,France,1595669919,36022135,23617074.06,533153.763,1.121,1448933,21445.262,142047.559,9597336,138974350,94590.648,1400.008,496596.65,7349.992,,,2056.925,0.049138776,17444.4,9813461382,5967631799,3921623622,18473158,93817447,14524.51,8832.46,5804.27,59.11380328,67564251,122.578,42,19.718,13.079,38605.671,,86.06,4.77,30.1,35.6,,5.98,82.66,0.901,33267.65783,4.680120482,7.03939759,1380382
Europe,Germany,976945940,24149364,11644105.55,287833.468,1.108365554,1139984,13587.328,,,,,,215916.314,2573.482,2681419971,31959.531,,0.0555625,3568.7,12370795193,7458350178,5172650961,5649010,106599088,14744.71,8889.5,6165.17,62.69256198,83900471,237.016,46.6,21.453,15.957,45229.245,,156.139,8.31,28.2,33.1,,8,81.33,0.947,11875.71905,-0.215714286,3.209166667,1264087
Europe,Greece,103417928,2924581,9972080.897,282002.937,1.077342908,,,,,16492553,8686.66,837.612,85030.221,8199.045,2528671084,243827.279,1590.291,0.032898757,43534.8,1359568813,781404069,614647588,,11104514,13109.65,7534.67,5926.75,65.55495622,10370747,83.479,45.3,20.396,14.524,24574.382,1.5,175.695,4.55,35.3,52,,4.21,82.24,0.888,3618.12,2.33725,7.50075,1151153
Europe,Hungary,194496139,6841193,20188174.01,710097.364,1.075810565,,,154160.469,1485207,6407687,,,,,1249391114,129683.424,665.106,0.077669643,40343.2,451747342,691920515,516043294,9229000,8276404,4689.02,7181.97,5356.35,56.49568905,9634162,108.043,43.4,18.577,11.976,26777.561,0.5,278.296,7.55,26.8,34.8,,7.02,76.88,0.854,7134.578947,2.683684211,13.34828947,934612
Europe,Iceland,2720452,11617,7923031.217,33833.245,0.923028674,,,15793.904,5423,625956,11.316,32.953,288.546,840.347,133160795,387816.853,1823.025,,,23823537,14504482,10714576,666127,258851,6938.43,4224.3,3120.5,43.75992933,343360,3.404,37.3,14.431,9.207,46482.958,0.2,117.992,5.31,14.3,15.2,,2.91,82.99,0.949,13.77307692,1.089615385,1.001923077,1585156
Europe,Ireland,79302719,1675806,15914960.23,336311.09,1.079244604,29731,5966.596,36853.618,183638,7264748,1269.704,254.81,10546.076,2116.455,1527719256,306592.142,1457.93,0.046788321,34181.7,548364189,297481911,226194190,,3530141,11004.94,5970,4539.45,66.82144599,4982904,69.874,38.7,13.928,8.678,67335.293,0.2,126.459,3.28,23,25.7,,2.96,82.3,0.955,475.7058824,1.171176471,2.548823529,1432496
Europe,Italy,1153833695,41130410,19113500.63,681333.994,1.08328125,840886,13929.456,132741.763,8013285,90331329,,,435154.186,7208.426,18513448092,306679.201,1496.352,0.054399299,35198.9,9108584272,5502062757,3768234040,115641,83591984,15088.63,9114.29,6242.17,68.40519071,60367471,205.859,47.9,23.021,16.24,35220.084,2,113.151,4.78,19.8,27.8,,3.18,83.51,0.892,64920.03286,11.24071429,15.349,1374250
Europe,Kosovo,30171407,665037,15610416.43,344084.199,1.071948052,,,,,231887,,,,,53740247,27804.724,119.977,0.055321429,10504.8,45050388,29751745,15297370,,810814,2330.9,1539.34,791.47,62.97375238,1932774,168.155,,,,9795.834,0.6,,,,,,,,,1421.4,12.033125,31.0825,618309
Europe,Latvia,31791779,573020,17028871.41,306931.037,1.069,,,87408.007,163185,3339462,4092.688,2192.2,17923.861,9600.69,597429969,320005.945,1788.744,0.031176252,97577.1,175709708,106118182,79050098,,1596424,9411.65,5684.01,4234.14,49.87620451,1866934,31.212,43.9,19.754,14.136,25063.846,0.7,350.06,4.91,25.6,51,,5.57,75.29,0.866,650.053012,-0.158313253,7.723373494,847762
Europe,Liechtenstein,871622,16222,22785120.53,424060.149,0.99389313,,,,,66189,,,15.796,412.933,12978593,339274.143,1730.254,0.049741273,32389.2,5264064,3019507,2325709,,46380,13760.82,7893.25,6079.65,39.25121053,38254,237.012,,,,,,,7.77,,,,2.397,82.49,0.919,25.91111111,7.287777778,10.60722222,1195830
Europe,Lithuania,70330554,1082480,26146528.71,402429.572,1.065930657,,,85693.982,230505,4962147,2661.857,989.59,14936.243,5552.792,1004680650,373506.403,1844.758,0.055137868,39551.1,375185857,213468640,161717217,,3336958,13948.27,7936.07,6012.09,49.70808171,2689862,45.135,43.5,19.002,13.778,29524.265,0.7,342.989,3.67,21.3,38,,6.56,75.93,0.882,4218.875949,8.521898734,18.85594937,1236691
Europe,Luxembourg,20817505,242929,32793077.95,382677.432,1.085352622,8406,13241.686,66904.639,42472,3506794,,,1273.47,2006.043,884396512,1393158.501,5524.135,0.026130357,60067.9,77523689,45985403,1337959,16829,666212,12212.05,7243.88,210.81,48.45816291,634814,231.447,39.7,14.312,9.842,94277.965,0.2,128.275,4.42,20.9,26,,4.51,82.25,0.916,-19.36052632,-2.550526316,2.982894737,1222638
Europe,Malta,8509902,113152,16538082.71,219898.824,0.980639854,,,,,1204620,194,377.021,1749,3398.992,270427802,525547.46,2341.058,0.023961397,146520.2,110489600,62812935,50160241,63939,801010,21472.44,12207.06,9748.13,52.54185811,514564,1454.037,42.4,19.426,11.324,36513.323,0.2,168.711,8.83,20.9,30.2,,4.485,82.53,0.895,111.8987654,1.225185185,6.722222222,1564118
Europe,Moldova,73880969,1715931,18359967.69,426421.567,1.066106033,,,,,32382,,,,,53900070,13394.563,8.047,0.040325203,6020.7,52964272,32249839,18390424,,842952,1316.19,801.39,457,60.44025045,4024025,123.655,37.6,10.864,6.955,5189.972,0.2,408.502,5.72,5.9,44.6,86.979,5.8,71.9,0.75,3272.933333,7.034666667,22.134,338390
Europe,Monaco,702573,8197,17777656.91,207414.017,0.986477024,,,,,,,,,,,,,,,802164,432851,366913,,,2029.75,1095.28,928.42,57.56697715,39520,19347.5,,,,,,,5.46,,,,13.8,86.75,,36.98333333,5.748333333,13.535,1266990
Europe,Montenegro,27581032,412610,43915274.41,656968.932,0.959183673,,,,,,,,,,,,,,,42029375,23584720,18444655,,398994,6692,3755.22,2936.83,,628051,46.28,39.1,14.762,9.395,16409.288,1,387.305,10.08,44,47.9,,3.861,76.88,0.829,308.4034483,2.281034483,23.96810345,697009
Europe,Netherlands,453419000,6312074,26402871.83,367556.013,1.076950355,230281,13409.413,33125.595,568869,,13430.61,782.069,68477.966,3987.516,427482911,24892.595,,0.0862375,1929.7,387484825,238752521,161252518,,,2256.38,1390.28,938.97,60.15588542,17173094,508.544,43.2,18.779,11.881,48472.545,,109.361,5.29,24.4,27.3,,3.32,82.28,0.944,10703.14684,6.706962025,8.786962025,1294544
Europe,North Macedonia,42961999,1417479,20628416.71,680609.56,1.06580292,,,,,746577,,,,,139100804,66789.954,358.488,0.140923507,18444,67426743,39718370,27308417,,908804,3237.47,1907.1,1311.21,,2082661,82.6,39.1,13.26,8.16,13111.214,5,322.688,10.08,,,,4.28,75.8,0.774,3356.588235,12.99117647,34.91647059,700499
Europe,Norway,34306142,263513,6276705.205,48212.742,1.075248227,,,8729.105,47710,7669062,986.702,180.53,5219.636,954.994,1631637049,298526.85,1403.164,0.019593985,54153.5,762634509,475168194,287466315,,7728221,13953.2,8693.7,5259.5,52.87375433,5465629,14.462,39.7,16.821,10.813,64800.057,0.2,114.316,5.31,19.6,20.7,,3.6,82.4,0.957,-640.305,-1.77075,-1.313625,1401051
Europe,Poland,720987610,17812369,19075260.2,471264.103,1.061258993,,,123683.145,4674852,19594929,,,37104.815,981.687,4398537694,116372.668,518.422,0.116151874,36418.1,4018038247,2357288499,1801608316,,26139073,10630.64,6236.75,4766.53,57.1133218,37797000,124.027,41.8,16.763,10.202,27216.445,,227.331,5.91,23.3,33.1,,6.62,78.73,0.88,40447.47654,6.19,17.79407407,979691
Europe,Portugal,254627814,4888691,25042264.18,480795.439,1.073411131,120140,11815.573,71881.048,730881,18177265,,,19687.189,1936.204,3654412787,359406.022,1787.701,0.052840426,22049.6,1428275171,878915784,637739335,,13859491,14046.88,8644.05,6272.08,64.60414384,10167923,112.371,46.2,21.502,14.924,27936.896,0.5,127.842,9.85,16.3,30,,3.39,82.05,0.864,8571.057831,5.604457831,9.846987952,1558124
Europe,Romania,302006306,8614954,15788890.95,450389.832,1.082086331,320957,16779.627,,,4427118,,,506011.937,26454.307,1242902235,64978.936,231.444,0.08615009,31182.5,1442795554,807635519,683830335,,9894183,7542.87,4222.27,3575.11,57.79169284,19127772,85.129,43,17.85,11.69,23313.199,5.7,370.946,9.74,22.9,37.1,,6.892,76.05,0.828,21598.86622,5.822567568,16.06081081,520913
Europe,Russia,1648913048,36624350,11300734.69,251002.967,1.096256781,,,,,144963922,,,,,35228015507,241433.25,993.496,0.035288256,28001.4,8048141879,4610781107,3437360772,658982,79354186,5515.66,3159.91,2355.71,48.84649329,145912022,8.823,39.6,14.178,9.393,24765.954,0.1,431.297,6.18,23.4,58.3,,8.05,72.58,0.824,244546.6316,11.79421053,22.39157895,604631
Europe,San Marino,1464385,34247,43057483.1,1006968.64,0.686871609,,,,,,,,,,,,,,,2843157,1524333,1307223,,20199,8359.8,4482.01,3843.66,50.32753108,34010,556.667,,,,56861.47,,,5.64,,,,3.8,84.97,,68.53333333,30.07444444,28.97555556,1396614
Europe,Serbia,183447121,1805721,26959296.49,265367.848,1.094083485,,,,,5498308,,,,,1264068725,185766.907,808.026,0.127886121,16230.1,533213908,289655734,237752149,5809608,2748719,7836.09,4256.77,3493.94,52.86369338,6804596,80.291,41.2,17.366,,14048.881,,439.415,10.08,37.7,40.2,97.719,5.609,76,0.806,11342.49444,9,19.75111111,927050
Europe,Slovakia,102244492,2758980,18723607.81,505240.541,1.077355072,,,96755.092,528353,41677440,577.311,105.719,8099.235,1483.18,7976094953,1460629.036,7632.207,0.032151786,95445,602187314,349818574,252368740,,4673547,11027.52,6406.05,4621.62,55.11025271,5460726,113.128,41.2,15.07,9.167,30155.152,0.7,287.959,7.29,23.1,37.7,,5.82,77.54,0.86,5891.285135,7.728513514,20.71864865,855465
Europe,Slovenia,66522522,1214569,32001628.89,584286.115,1.078833034,38802,18666.25,99605.379,207052,1552754,3185.737,1532.545,18962.661,9122.263,372265905,179083.937,746.978,0.116248264,38531.1,247023576,142107898,104915678,,2095104,11883.48,6836.29,5047.06,53.99018425,2078723,102.619,44.5,19.062,12.93,31400.84,,153.493,7.25,20.1,25,,4.5,81.32,0.917,1532.935366,4.656707317,11.23682927,995483
Europe,Spain,1159421287,28771670,24802996.13,615499.859,1.141161972,554677,11865.971,65021.673,3039452,,39884.807,853.241,419117.348,8965.995,1881280760,40245.421,,0.073755906,12518.1,5343028509,3185719505,2375231965,,49710552,11430.09,6815.06,5081.21,61.02383973,46745211,93.105,45.5,19.436,13.799,34272.36,1,99.403,7.17,27.4,31.4,,2.97,83.56,0.904,56520.50361,14.22891566,13.97710843,1487541
Europe,Sweden,272552317,5064544,26825595.63,498470.942,1.162251773,105726,10405.928,61325.811,623080,11981361,7660.76,754.003,,,,,1179.269,0.074306075,11298.1,259534724,154566875,104961710,,114854,2554.45,1521.33,1033.08,55.16456811,10160159,24.718,41,19.985,13.433,46949.283,0.5,133.982,4.79,18.8,18.9,,2.22,82.8,0.945,3177.667073,3.230609756,2.888902439,1329678
Europe,Switzerland,202770500,3456937,23265520,396642.67,1.133168142,97889,11231.607,56186.03,489689,10143064,,,32345,3711.207,2020082761,231780.638,1163.794,0.073084016,18282.4,1209444664,682866718,511765768,,10266589,13877.06,7835.09,5871.95,51.04612457,8715494,214.243,43.1,18.436,12.644,57410.166,,99.739,5.59,22.6,28.9,,4.53,83.78,0.955,4365.010127,5.149367089,8.164936709,1168036
Europe,Ukraine,587102893,12790211,13506920.12,294252.263,1.078899083,,,,,9164945,,,,,2426638370,55827.366,210.846,0.161171103,4797.9,696711064,447074761,249636303,,11468650,1602.83,1028.54,574.31,60.87291297,43466822,77.39,41.4,16.462,11.133,7894.393,0.1,539.849,7.11,13.5,47.4,,8.8,72.06,0.779,28678.87059,2.85,11.54705882,267253
Europe,United Kingdom,1467914294,44335439,21521425.08,650011.942,1.107535211,556702,8161.946,74052.733,5050924,266319108,,,537056,7873.896,43280746259,634548.869,3904.567,0.046279026,51418.1,14042824606,8748364140,5294460466,,90672687,20588.49,12826.19,7762.32,62.72761745,68207114,272.898,40.8,18.517,12.527,39753.244,0.2,122.137,4.28,20,24.7,,2.54,81.32,0.932,69655.82892,11.71987952,11.16180723,1367883
North America,Antigua and Barbuda,322108,9252,3262580.019,93712.088,0.780640669,,,,,,,,,,16700,169.152,,,,3250918,2021584,1229334,,8107,3292.79,2047.62,1245.17,,98728,231.845,32.1,6.933,4.631,21490.943,,191.511,13.17,,,,3.8,77.02,0.778,54.71,8.136,10.677,843222
North America,Bahamas,3926429,82651,9892392.295,208234.031,1.061316872,,,,,,,,,,,,,,,2449327,1361000,805690,,2487,617.1,342.87,203.01,70.46303636,396914,39.497,34.3,8.996,5.2,27717.847,,235.954,13.17,3.1,20.4,,2.9,73.92,0.814,,,,465841
North America,Barbados,1021825,12392,3551604.411,43071.402,0.976292906,,,,,,,,,,,,,,,26246706,16515565,9731141,,215351,9122.66,5740.33,3382.3,57.93436364,287708,664.463,39.8,14.952,9.473,16978.068,,170.05,13.57,1.9,14.5,88.469,5.8,79.19,0.814,,,,794268
North America,Belize,4135639,98136,10213597.93,242361.935,1.048004866,,,,,2924,,,,,4482170,11069.408,7.222,0.038761062,4611.9,10514548,7821078,2693470,,111347,2596.71,1931.52,665.19,68.54453382,404915,16.426,25,3.853,2.279,7824.362,,176.957,17.11,,,90.083,1.3,74.62,0.716,,,,714502
North America,Canada,366097690,8829955,9616962.46,231952.681,1.088765653,273100,7174.035,27032.235,1029061,42575900,,,,,10220296530,268475.353,1118.421,0.035668908,29858.9,6205814145,4001411771,2204402374,,55695859,16301.92,10511.3,5790.65,64.46993421,38067913,4.037,41.4,16.984,10.797,44017.591,0.5,105.599,7.37,12,16.6,,2.5,82.43,0.929,8139.747761,2.798656716,4.069552239,1453227
North America,Costa Rica,95696510,1203884,18621428.89,234261.85,1.118415301,,,,,1834076,,,,,301472190,58662.977,356.89,0.219915771,4088,62277450,42382058,19895392,,,1211.86,824.68,387.15,62.05612431,5139053,96.079,33.6,9.468,5.694,15524.995,1.3,137.973,8.78,6.4,17.4,83.841,1.13,80.28,0.81,-142.07,-1.728,4.153,993365
North America,Cuba,59153094,460481,5226693.576,40687.529,1.094815498,,,,,5296244,,,,,717015431,63354.592,467.955,0.024954644,57785.1,1057294179,459913450,260109294,182513,16085709,9342.17,4063.72,2298.26,74.002693,11317498,110.408,43.1,14.738,9.719,,,190.968,8.27,17.1,53.3,85.198,5.2,78.8,0.783,6.51,0.477,0.509,1496329
North America,Dominica,127375,193,1764881.089,2674.167,0.256666667,,,,,,,,,,,,,,,1187324,713644,433425,,6417,1645.17,988.83,600.56,42.61898182,72172,98.567,,,,9673.367,,227.376,11.62,,,,3.8,75,0.742,,,,622796
North America,Dominican Republic,96539697,1304902,8813421.363,119128.73,1.050874317,,,,,1232175,,,,,271872936,24820.158,112.5,0.181990826,3576.7,1176871976,682669470,454142992,40059514,10118244,10744,6232.38,4146.05,70.96319372,10953714,222.873,27.6,6.981,4.419,14600.861,1.6,266.653,8.2,8.5,19.1,55.182,1.6,74.08,0.756,,,,1067026
North America,El Salvador,24799911,743751,3804542.598,114098.486,1.028396226,,,,,892564,,,,,160727838,24657.175,136.926,0.074305851,7209.8,330198894,201926692,126837565,,3964062,5065.56,3097.74,1945.82,56.65618875,6518500,307.811,27.6,8.273,5.417,7292.458,2.2,167.295,8.87,2.5,18.8,90.65,1.3,73.32,0.673,-81.63333333,-3.613333333,19.91,1102014
North America,Grenada,109251,1075,966694.712,9511.92,0.288545455,,,,,,,,,,,,,,,888095,591910,296185,,1037,785.8,523.73,262.09,,113015,317.132,29.4,7.304,5.021,13593.877,,243.964,10.71,,,,3.7,72.4,0.779,,,,444256
North America,Guatemala,88994953,2796744,4876471.06,153247.348,1.093497164,,,,,2462778,,,,,426415786,23365.422,134.943,0.207936709,3288.5,291144286,223130888,68013398,,5759911,1595.36,1222.66,372.63,63.9583677,18249868,157.834,22.9,4.694,3.016,7423.808,8.7,155.898,10.18,,,76.665,0.6,74.3,0.663,3095.204444,3.283333333,13.77466667,343423
North America,Haiti,5805841,136887,503032.435,11860.235,1.119741551,,,,,,,,,,,,,,,693703,584723,119210,,17106,6.02,5.09,0.97,50.02714808,11541683,398.448,24.3,4.8,2.954,1653.173,23.5,430.548,6.65,2.9,23.1,22.863,0.7,64,0.51,,,,5349
North America,Honduras,76119068,2006440,7564256.524,199387.984,1.097560074,,,,,,,,,,,,,,,53937493,31474450,9349655,,229026,535.98,312.78,92.93,84.8653176,10062994,82.805,24.9,4.652,2.883,4541.795,16,240.208,7.21,2,,84.169,0.7,75.27,0.634,,,,502020
North America,Jamaica,12592229,255364,4234871.327,85881.03,1.078339695,,,,,267067,,,,,66100719,22230.225,89.821,0.11242329,13438.3,13814334,10143415,3838360,,73824,464.58,341.16,129.1,72.78683363,2973462,266.879,31.4,9.684,6.39,8193.571,,206.537,11.28,5.3,28.6,66.425,1.7,74.47,0.734,-717.2666667,-7.154444444,-2.112222222,241675
North America,Mexico,802140303,71860492,6157889.083,551660.265,1.096902174,,,,,9970552,,,,,2112849886,16219.971,76.537,0.321145367,9137.8,8344549244,5760874987,3289517450,,90763670,6405.94,4422.5,2525.3,55.79388535,130262220,66.444,29.3,6.857,4.321,17336.469,2.5,152.783,13.06,6.9,21.4,87.847,1.38,75.05,0.779,233121.0093,27.07081395,38.81976744,739673
North America,Nicaragua,3074980,77365,458789.303,11542.951,0.588061224,,,,,,,,,,,,,,,4959165,3451408,1507757,,,74,51.51,22.5,11.69122905,6702379,51.667,27.3,5.445,3.519,5321.444,3.2,137.016,11.47,,,,0.9,74.48,0.66,3622.133333,28.58333333,54.51666667,113209
North America,Panama,123922475,2108750,28282580.75,481275.826,1.050435572,,,,,3693663,,,,,764265963,174426.907,842.995,0.149436266,5673,321971180,184744258,103921557,,4192263,7348.39,4216.39,2371.7,73.90717082,4381583,55.133,29.7,7.918,5.03,22267.037,2.2,128.346,8.33,2.4,9.9,,2.3,78.51,0.815,2249.685714,7.927142857,26.91714286,1158398
North America,Saint Kitts and Nevis,93275,388,1741960.172,7246.138,1.104554455,,,,,5311,,,,,1225929,22894.877,99.184,0.077545455,1744.5,1502507,894287,608220,,6553,2806.01,1670.13,1135.9,,53546,212.865,,,,24654.385,,,12.84,,,,2.3,76.23,0.779,,,,894797
North America,Saint Lucia,1278386,18347,6932641.322,99495.131,1.108317757,,,,,,,,,,,,,,,4692748,2474069,1751120,,16960,2544.89,1341.7,949.63,,184401,293.187,34.9,9.721,6.405,12951.839,,204.62,11.62,,,87.202,1.3,76.2,0.759,,,,400223
North America,Saint Vincent and the Grenadines,501618,2541,4508155.928,22836.565,1.061182796,,,,,,,,,,,,,,,871620,397803,164754,,6897,783.34,357.51,148.07,,111269,281.787,31.8,7.724,4.832,10727.146,,252.675,11.62,,,,2.6,72.53,0.738,,,,220969
North America,Trinidad and Tobago,6580261,159870,4688886.237,113918.368,0.921962617,,,,,311567,,,,,47523071,33863.442,222.016,0.130591093,12972.2,68395909,42700126,25695783,,1028749,4873.73,3042.59,1830.94,72.35658041,1403374,266.886,36.2,10.014,5.819,28763.071,,228.467,10.97,,,89.443,3,73.51,0.796,,,,733628
North America,United States,10328104565,196887658,31023240.97,591405.042,1.137579505,6077114,18254.262,71126.633,23679130,563303262,,,3105368,9327.808,1.36122E+11,408879.645,1692.04,0.072236655,10272.9,58298987517,33647861101,26013743178,44964960,372406313,17334.12,10004.56,7734.74,59.38752053,332915074,35.608,38.3,15.413,9.732,54225.446,1.2,151.089,10.79,19.1,24.6,,2.77,78.86,0.926,336887.525,11.01025,14.46825,1149543
Oceania,Australia,14536114,382463,563672.704,14830.914,1.086946429,,,,,18051215,,,,,4239721129,164405.359,699.975,0.001977941,1473884.2,1615419867,1015238467,486064846,,25083959,6264.16,3936.86,1884.82,59.32049342,25788217,3.202,37.9,15.504,10.129,44648.71,0.5,107.791,5.07,13,16.5,,3.84,83.44,0.944,-1677.673239,-1.020422535,-0.444788732,976499
Oceania,Fiji,2987823,28985,3309144.203,32102.139,1.148513514,,,,,292796,,,,,19193586,21257.738,324.272,0.015394683,102133.4,9778980,7342999,2435981,,28295,1083.05,813.3,269.79,57.51148464,902899,49.562,28.6,6.224,3.284,8702.975,1.4,412.82,14.49,10.2,34.8,,2.3,67.44,0.743,,,,1050966
Oceania,New Zealand,1199218,12900,246720.085,2653.888,0.929361314,,,,,2487309,,,,,595718210,122559.579,511.73,0.001842478,1142632.1,269283063,173174305,96108758,,4817185,5540.07,3562.82,1977.27,37.3095053,4860642,18.206,37.9,15.322,9.72,36085.843,,128.797,8.08,14.8,17.2,,2.61,82.29,0.931,-1535.815385,-4.655128205,-3.688846154,981662
Oceania,Papua New Guinea,2953216,30646,323852.849,3360.695,0.746915663,,,,,,,,,,431741,47.346,,0.29324,249.1,1000747,853061,147686,,,10.98,9.36,1.62,53.07788321,9119005,18.22,22.6,3.808,2.142,3823.194,,561.494,17.65,23.5,48.8,,,64.5,0.555,,,,16020
South America,Argentina,1066719406,24098223,23389982.58,528402.328,1.073963636,,,,,13888858,,,,,2883297126,63222.139,304.543,0.208648464,4693,4139867346,3020401952,1119163661,,49289206,9077.5,6622.86,2453.97,73.75836248,45605823,16.177,31.9,11.198,7.441,18933.907,0.6,191.032,5.5,16.2,27.7,,5,76.67,0.845,7686.9,1.708333333,12.91916667,1083913
South America,Bolivia,115465091,5037823,9757940.971,425745.818,1.062022263,,,,,2204885,,,,,395007044,33381.993,186.341,0.248297101,3278.2,297735615,200911337,108867683,,2854856,2516.12,1697.92,920.02,59.57547406,11832936,10.202,25.4,6.704,4.393,6885.829,7.1,204.299,6.89,,,25.383,1.1,71.51,0.718,21784.34118,38.6,58.01941176,539131
South America,Brazil,4949944937,136785649,23131292.78,639204.88,1.120412926,,,,,,,,,,82621436,386.095,,,,15576138765,10932882665,4655168245,,167845860,7278.83,5108.97,2175.32,65.08191564,213993441,25.04,33.5,8.552,5.06,14103.452,3.4,177.961,8.11,10.1,17.9,,2.2,75.88,0.765,239706.0111,16.50888889,30.18888889,1045614
South America,Chile,419853492,9785432,21853299.04,509329.974,1.057711712,,,,,21145577,,,,,4352222564,226532.41,1100.636,0.094208872,11217.8,4127900751,2279431331,1827464124,71371576,31345108,21485.72,11864.5,9511.78,75.01504409,19212362,24.282,35.4,11.087,6.938,22767.037,1.3,127.993,8.46,34.2,41.5,,2.11,80.18,0.851,15892.38395,13.24765432,20.05851852,1614026
South America,Colombia,1048089677,27480462,20444211.14,536038.454,1.068931159,,,,,24809685,,,,,5110962083,99695.276,483.944,0.213492569,2827.5,2575918369,1690032499,1024883845,,25144330,5024.64,3296.63,1999.14,72.32546763,51265841,44.223,32.2,7.646,4.312,13254.949,4.5,124.24,7.44,4.7,13.5,65.386,1.71,77.29,0.767,43014.18028,14.66014085,40.27140845,753168
South America,Ecuador,131018472,7769851,7324183.822,434349.571,1.048423913,,,,,1665128,,,,,388862419,21738.166,93.094,0.265759459,1576.6,1203657333,814943319,393379512,,19861037,6728.66,4555.64,2199.14,67.76927046,17888474,66.939,28.1,7.104,4.458,10581.936,3.6,140.448,5.55,2,12.3,80.635,1.5,77.01,0.759,38829.7975,53.474375,55.601125,1143828
South America,Guyana,4732845,114985,5988449.109,145490.062,1.047695391,,,,,,,,,,,,,,,17453328,11850629,5602699,,40087,2208.36,1499.44,708.91,67.26734767,790329,3.952,26.3,5.305,2.837,7435.047,,373.159,11.62,,,77.159,1.6,69.91,0.682,,,,666687
South America,Paraguay,89640684,2472440,12416224.57,342460.264,1.043943925,,,,,1824448,,,,,372712461,51624.794,252.703,0.192940966,8411.1,228107979,161832917,66275062,,4095071,3159.49,2241.55,917.98,64.72520073,7219641,17.144,26.5,6.378,3.833,8827.01,1.7,199.128,8.27,5,21.6,79.602,1.3,74.25,0.728,4201.947059,9.834705882,34.18647059,615794
South America,Peru,608092237,58317649,18228504.22,1748161.625,1.108318264,,,,,5377958,,,,,1179690958,35363.055,161.2,0.147675541,6628.6,1659773613,996723518,663050095,,24443017,4975.5,2987.89,1987.53,70.52783784,33359415,25.129,29.1,7.151,4.455,12236.706,3.5,85.755,5.95,4.8,,,1.6,76.74,0.777,90479.57191,66.85831461,96.40179775,720753
South America,Suriname,5135736,113819,8678190.887,192327.483,1.070550847,,,,,,,,,,,,,,,28006643,19496307,8263174,,266995,4732.44,3294.35,1396.21,74.16800363,591798,3.612,29.6,6.933,4.229,13767.119,,258.314,12.54,7.4,42.9,67.779,3.1,71.68,0.738,,,,648991
South America,Uruguay,60792501,884897,17443285.41,253904.851,1.040781818,,,,,2211656,,,,,409454717,117485.473,634.6,0.062886617,49133.1,660977123,367161442,274015998,19817311,6160618,18965.51,10535.01,7862.41,57.34935368,3485152,19.751,35.6,14.655,10.361,20551.409,0.1,160.708,6.93,14,19.9,,2.8,77.91,0.817,-981.0625,-4.0375,7.105,1750259
South America,Venezuela,71322394,761530,2484672.561,26529.57,1.072702206,,,,,,,,,,,,,,,49873826,30394326,14781414,,,173.75,105.88,51.49,85.32742308,28704947,36.253,29,6.614,3.915,16745.022,,204.85,6.47,,,,0.8,72.06,0.711,,,,461371
South America,Africa,1664303064,42497461,1211736.053,30941.295,,,,,,,,,,,,,,,,10033330895,6766743535,3441024269,,139570814,730.55,492.59,250.49,,1373486472,,,,,,,,,,,,,,,,,,99333
South America,Asia,13918208822,210957453,2974191.95,45079.659,,,,,,,,,,,,,,,,3.46749E+11,1.79349E+11,79480281510,707824080,4098326021,7409.76,3832.56,1698.5,,4679660580,,,,,,,,,,,,,,,,,,863011
South America,Europe,13367883723,325387793,17877539.66,435157.371,,,,,,,,,,,,,,,,90541824420,54451141573,37535103244,49844340,788821171,12108.64,7281.95,5019.78,,747747396,,,,,,,,,,,,,,,,,,1049143
South America,European Union,8848574727,217882751,19787062.35,487226.444,,,,,,,,,,,,,,,,63329157159,38064786259,26749344669,38807191,558090930,14161.59,8512,5981.64,,447189915,,,,,,,,,,,,,,,,,,1242330
South America,North America,12101137483,289057518,20284138.7,484523.283,,,,,,,,,,,,,,,,79525750916,47434847934,33881414800,88787601,607575277,13330.28,7951.14,5679.25,,596581283,,,,,,,,,,,,,,,,,,1010259
South America,Oceania,21686138,455151,501762.169,10531.025,,,,,,,,,,,,,,,,2092653103,1352651361,637284149,,33132622,4841.85,3129.71,1474.53,,43219954,,,,,,,,,,,,,,,,,,740900
South America,South America,8570807472,273622760,19736574.28,630089.518,,,,,,,,,,,,,,,,36684531845,24894297632,12277380914,94106018,426896574,8447.6,5732.49,2827.18,,434260138,,,,,,,,,,,,,,,,,,965892
South America,World,49644488909,1141986506,6304089.519,145014.792,1.118453947,,,,,,,,,,,,,,,5.65634E+11,3.14249E+11,1.67253E+11,940562039,6096249475,7182.72,3990.47,2123.87,,7874965732,58.045,30.9,8.696,5.355,15469.207,10,233.07,8.51,6.434,34.635,60.13,2.705,72.58,0.737,,,,763834
